"regId","schoolId","SchoolName","catShort","catIdx","entryTitle","inContest","earliestStart","latestEnd"
6877,977,"Dubuque Senior 9th","GM",1,"The Not So Super Heroes",,,
6877,977,"Dubuque Senior 9th","RT",1,"All Summer in a Day",,,
6877,977,"Dubuque Senior 9th","CR",1,"I Need My Monster",,,
6877,977,"Dubuque Senior 9th","SF",1,"N/A",,,
6877,977,"Dubuque Senior 9th","GI",1,"Decker/LaFoe/Vander Broek",,,
6877,977,"Dubuque Senior 9th","SM",1,"The Weight of Winning",,,
6877,977,"Dubuque Senior 9th","EA",1,"Drugs Are Bad",,,
6880,918,"WEST DELAWARE 9TH","GM",1,"The Time Traveler",,,
6880,918,"WEST DELAWARE 9TH","RB",1,"101.7 KAMP",,,
6880,918,"WEST DELAWARE 9TH","CR",1,"How To Eat Like a Child",,,
6880,918,"WEST DELAWARE 9TH","SF",1,"Bad Apple",,,
6880,918,"WEST DELAWARE 9TH","GI",1,"Ostrander",,,
6880,918,"WEST DELAWARE 9TH","GI",2,"Edwards",,,
6880,918,"WEST DELAWARE 9TH","GI",3,"Schmidt",,,
6880,918,"WEST DELAWARE 9TH","EA",1,"Serial Killer Barbie",,,
6906,574,"EDGEWOOD-COLESBURG","MT",1,"unknown",,,
6906,574,"EDGEWOOD-COLESBURG","RT",1,"Faith County",,,
6906,574,"EDGEWOOD-COLESBURG","RB",1,"KECS",,,
6906,574,"EDGEWOOD-COLESBURG","CR",1,"Incident At the Fair (The State Fair That Is)",,,
6906,574,"EDGEWOOD-COLESBURG","GI",1,"Jones, Meyer & Bolsinger",,,
6906,574,"EDGEWOOD-COLESBURG","GI",2,"Askeland, Lueken & Abitz",,,
6906,574,"EDGEWOOD-COLESBURG","EA",1,"Blind Date",,,
6906,574,"EDGEWOOD-COLESBURG","EA",2,"Now We're Really Getting Somewhere",,,
6906,574,"EDGEWOOD-COLESBURG","EA",3,"Meet Susie",,,
6919,474,"CASCADE 9TH","RB",1,"RB 1",,,
6919,474,"CASCADE 9TH","SF",1,"TBD",,,
6920,473,"CASCADE","MT",1,"MT1",,,
6920,473,"CASCADE","MT",2,"American idiot",,,
6920,473,"CASCADE","MT",3,"Legally Blonde",,,
6920,473,"CASCADE","RT",1,"Wiley and the Hairy Man",,,
6920,473,"CASCADE","RB",1,"RB 1",,,
6920,473,"CASCADE","RB",2,"RB 2",,,
6920,473,"CASCADE","CR",1,"The Story of an Hour",,,
6920,473,"CASCADE","TV",1,"Teen News",,,
6920,473,"CASCADE","GI",1,"Green/Mausser/Meyer",,,
6920,473,"CASCADE","GI",2,"Curoe/Federspiel/Redmond",,,
6920,473,"CASCADE","GI",3,"Cai/Hostert/Potter/Theisen",,,
6920,473,"CASCADE","EA",1,"Wine, Candles, and Anthrax",,,
6920,473,"CASCADE","EA",2,"Fork in the Road",,,
6920,473,"CASCADE","EA",3,"Mating Season of Lying Monkeys",,,
6926,559,"DUBUQUE SENIOR","MT",1,"Shrek",,,
6926,559,"DUBUQUE SENIOR","MT",2,"Parade",,,
6926,559,"DUBUQUE SENIOR","MT",3,"Cats",,,
6926,559,"DUBUQUE SENIOR","GM",1,"The Moral Quarrel ",,,
6926,559,"DUBUQUE SENIOR","GM",2,"Ripples",,,
6926,559,"DUBUQUE SENIOR","GM",3,"Perspectives",,,
6926,559,"DUBUQUE SENIOR","RT",1,"Milestones",,,
6926,559,"DUBUQUE SENIOR","RB",1,"KTXI",,,
6926,559,"DUBUQUE SENIOR","RB",2,"KZUS",,,
6926,559,"DUBUQUE SENIOR","CR",1,"The Little Match Girl",,,
6926,559,"DUBUQUE SENIOR","TV",1,"KBRN Channel 10",,,
6926,559,"DUBUQUE SENIOR","TV",2,"KWOZ",,,
6926,559,"DUBUQUE SENIOR","SF",1,"TBA - Benedict",,,
6926,559,"DUBUQUE SENIOR","SF",2,"TBA - Zentz",,,
6926,559,"DUBUQUE SENIOR","GI",1,"Collins/Kemp/Lucy",,,
6926,559,"DUBUQUE SENIOR","GI",2,"Biehl/Decker/Jenkins/Pfohl",,,
6926,559,"DUBUQUE SENIOR","GI",3,"Burke/Current Giere/Dudgeon/Frye",,,
6926,559,"DUBUQUE SENIOR","SM",1,"Having A Ball!",,,
6926,559,"DUBUQUE SENIOR","SM",2,"Braving the Backyard",,,
6926,559,"DUBUQUE SENIOR","SM",3,"Is(shoes)",,,
6926,559,"DUBUQUE SENIOR","OA",1,"Two Rooms",,,
6926,559,"DUBUQUE SENIOR","EA",1,"Boeing Boeing ",,,
6926,559,"DUBUQUE SENIOR","EA",2,"Complete History of America (Abridged)",,,
6926,559,"DUBUQUE SENIOR","EA",3,"Agnes of God",,,
6959,917,"WEST DELAWARE","MT",1,"Hairspray ",,,
6959,917,"WEST DELAWARE","GM",1,"Unfriend",,,
6959,917,"WEST DELAWARE","GM",2,"Crumpton Mime",,,
6959,917,"WEST DELAWARE","RT",1,"Letters",,,
6959,917,"WEST DELAWARE","RB",1,"107.9 KXTR",,,
6959,917,"WEST DELAWARE","RB",2,"101.8 WUSA",,,
6959,917,"WEST DELAWARE","CR",1,"Barbie's Girls",,,
6959,917,"WEST DELAWARE","TV",1,"Channel 16 KTN",,,
6959,917,"WEST DELAWARE","SF",1,"Unconditional",,,
6959,917,"WEST DELAWARE","SF",2,"S-Cool 2.0",,,
6959,917,"WEST DELAWARE","GI",1,"Gasper",,,
6959,917,"WEST DELAWARE","GI",2,"Weber",,,
6959,917,"WEST DELAWARE","GI",3,"Schnieders",,,
6959,917,"WEST DELAWARE","SM",1,"At the Gym",,,
6959,917,"WEST DELAWARE","SM",2,"Saying Goodbye",,,
6959,917,"WEST DELAWARE","OA",1,"Three Tables",,,
6959,917,"WEST DELAWARE","EA",1,"Breakfast Club an adaptation",,,
6959,917,"WEST DELAWARE","EA",2,"Emergency Protocol",,,
6959,917,"WEST DELAWARE","EA",3,"John's Ring",,,
6991,511,"CLAYTON RIDGE","MT",1,"Shrek the Musical I think I've Got You Beat",,,
6991,511,"CLAYTON RIDGE","RT",1,"The Amish Project",,,
6991,511,"CLAYTON RIDGE","TV",1,"TBA",,,
6991,511,"CLAYTON RIDGE","SF",1,"TBA",,,
6991,511,"CLAYTON RIDGE","GI",1,"Simon, Campbell, Meyer, Kraphl, Knutson",,,
7015,442,"BECKMAN","RT",1,"Animal Farm",,,
7015,442,"BECKMAN","CR",1,"If I Should Have a Daughter",,,
7015,442,"BECKMAN","GI",1,"Chapman",,,
7015,442,"BECKMAN","GI",2,"Maiers",,,
7036,699,"MAQUOKETA VALLEY","MT",1,"Wicked",,,
7036,699,"MAQUOKETA VALLEY","MT",2,"A New Brain",,,
7036,699,"MAQUOKETA VALLEY","GM",1,"TXT U L8R",,,
7036,699,"MAQUOKETA VALLEY","GM",2,"At Dawn, Pearl Harbor Slept",,,
7036,699,"MAQUOKETA VALLEY","GM",3,"Suffering in Silence",,,
7036,699,"MAQUOKETA VALLEY","RT",1,"Brief Interviews with Internet Cats",,,
7036,699,"MAQUOKETA VALLEY","RB",1,"RUOK",,,
7036,699,"MAQUOKETA VALLEY","RB",2,"HOBO 4626",,,
7036,699,"MAQUOKETA VALLEY","CR",1,"Paper Hearts",,,
7036,699,"MAQUOKETA VALLEY","TV",1,"ANML",,,
7036,699,"MAQUOKETA VALLEY","TV",2,"QWRK",,,
7036,699,"MAQUOKETA VALLEY","SF",1,"I'm Ready",,,
7036,699,"MAQUOKETA VALLEY","SF",2,"Be-YOU-tiful",,,
7036,699,"MAQUOKETA VALLEY","GI",1,"Wilson/Fortman/Hogan/Rumbo/Smith",,,
7036,699,"MAQUOKETA VALLEY","GI",2,"Sheehy/Thompson/White/Hogan/Neuzil",,,
7036,699,"MAQUOKETA VALLEY","GI",3,"Digmann/McNamara/Mensen/Gibbs/McCusker",,,
7036,699,"MAQUOKETA VALLEY","SM",1,"TBA",,,
7036,699,"MAQUOKETA VALLEY","SM",2,"Momma?",,,
7036,699,"MAQUOKETA VALLEY","SM",3,"Taxi Fare Warning",,,
7036,699,"MAQUOKETA VALLEY","OA",1,"What Not To Do At Districts",,,
7036,699,"MAQUOKETA VALLEY","EA",1,"From the Mouths of Babes",,,
7036,699,"MAQUOKETA VALLEY","EA",2,"Film Noir",,,
7036,699,"MAQUOKETA VALLEY","EA",3,"Eve and Adam: The Untold Story",,,
7038,700,"MAQUOKETA VALLEY 9TH","RT",1,"The Nameless Princess",,,
7038,700,"MAQUOKETA VALLEY 9TH","RB",1,"TECK",,,
7038,700,"MAQUOKETA VALLEY 9TH","CR",1,"Talk Nerdy to Me",,,
7038,700,"MAQUOKETA VALLEY 9TH","TV",1,"RDNK",,,
7038,700,"MAQUOKETA VALLEY 9TH","GI",1,"Chesnut/Deutmeyer/Goedken/Niehaus/Rumbo",,,
7038,700,"MAQUOKETA VALLEY 9TH","GI",2,"Anderegg/Farrand/McDowell/McIntyre/Wilson",,,
7051,557,"DUBUQUE HEMPSTEAD","MT",1,"Godspell",,,
7051,557,"DUBUQUE HEMPSTEAD","MT",2,"Shrek: The Musical",,,
7051,557,"DUBUQUE HEMPSTEAD","SF",1,"TBD",,,
7051,557,"DUBUQUE HEMPSTEAD","GI",1,"HHS Improvers",,,
7051,557,"DUBUQUE HEMPSTEAD","OA",1,"Making Nice",,,
7051,557,"DUBUQUE HEMPSTEAD","EA",1,"Bad Seed",,,
7051,557,"DUBUQUE HEMPSTEAD","EA",2,"The Crucible",,,
7053,862,"STARMONT","GM",1,"The RollerCoaster",,,
7053,862,"STARMONT","GM",2,"The Jungle Book",,,
7053,862,"STARMONT","RT",1,"TBA",,,
7053,862,"STARMONT","RB",1,"TBA",,,
7053,862,"STARMONT","CR",1,"TBA",,,
7053,862,"STARMONT","TV",1,"TBA",,,
7053,862,"STARMONT","SF",1,"Short Film 1",,,
7053,862,"STARMONT","SF",2,"Short Film 2",,,
7053,862,"STARMONT","GI",1,"O'Brien",,,
7053,862,"STARMONT","GI",2,"Moellers",,,
7053,862,"STARMONT","SM",1,"Powell",,,
7053,862,"STARMONT","EA",1,"A Christmas Carol",,,
7053,862,"STARMONT","EA",2,"Drivethru Interview",,,
7072,567,"EAST BUCHANAN","RT",1,"The Trial of Goldilocks",,,
7072,567,"EAST BUCHANAN","SF",1,"Bigfoot",,,
7072,567,"EAST BUCHANAN","GI",1,"Sizemore/Snyder/Smith",,,
7084,639,"INDEPENDENCE","MT",1,"Secondary Characters","x",,
7084,639,"INDEPENDENCE","GM",1,"Hitch Hiker","x",,
7084,639,"INDEPENDENCE","RT",1,"I Never Saw another Butterfly","x",,
7084,639,"INDEPENDENCE","RB",1,"FMHS","x",,
7084,639,"INDEPENDENCE","CR",1,"Dreams","x",,
7084,639,"INDEPENDENCE","TV",1,"TVHS","x",,
7084,639,"INDEPENDENCE","SF",1,"Futures Promise","x",,
7084,639,"INDEPENDENCE","GI",1,"Group 1","x",,
7084,639,"INDEPENDENCE","GI",2,"Group 2","x",,
7084,639,"INDEPENDENCE","GI",3,"Group 3","x",,
7084,639,"INDEPENDENCE","OA",1,"Cheating Death","x",,
7084,639,"INDEPENDENCE","EA",1,"Fugue","x",,
7084,639,"INDEPENDENCE","EA",2,"Check Please","x",,
7101,933,"WESTERN DUBUQUE","RT",1,"Five Ex-Wives in the ICU",,,
7101,933,"WESTERN DUBUQUE","RB",1,"WBMK",,,
7101,933,"WESTERN DUBUQUE","SF",1,"The Pedestrian",,,
7101,933,"WESTERN DUBUQUE","GI",1,"WD Improv 1",,,
7101,933,"WESTERN DUBUQUE","GI",2,"WD Improv 2",,,
7101,933,"WESTERN DUBUQUE","OA",1,"A Midsummer Night's Dream",,,
7101,933,"WESTERN DUBUQUE","EA",1,"It's a Girl",,,
7102,933,"WESTERN DUBUQUE","RT",1,"Five Ex-Wives in the ICU",,,
7102,933,"WESTERN DUBUQUE","RB",1,"WBMK",,,
7102,933,"WESTERN DUBUQUE","SF",1,"The Pedestrian",,,
7102,933,"WESTERN DUBUQUE","GI",1,"WD Improv 1",,,
7102,933,"WESTERN DUBUQUE","GI",2,"WD Improv 2",,,
7102,933,"WESTERN DUBUQUE","OA",1,"A Midsummer Night's Dream",,,
7102,933,"WESTERN DUBUQUE","EA",1,"It's a Girl",,,
6838,445,"BELLE PLAINE","RT",1,"The Tell Tale Heart",,,
6838,445,"BELLE PLAINE","CR",1,"Rocks",,,
6838,445,"BELLE PLAINE","RB",1,"WBZR",,,
6838,445,"BELLE PLAINE","SF",1,"Death Escape",,,
6838,445,"BELLE PLAINE","MT",1,"Anything Goes",,,
6838,445,"BELLE PLAINE","GI",1,"Alcott",,,
6865,687,"LYNNVILLE-SULLY","EA",1,"Juliet & Ophelia's Anger Management",,,
6865,687,"LYNNVILLE-SULLY","EA",2,"Rats",,,
6865,687,"LYNNVILLE-SULLY","OA",1,"Man Under Her Bed",,,
6865,687,"LYNNVILLE-SULLY","MT",1,"Newsies",,,
6865,687,"LYNNVILLE-SULLY","MT",2,"Chicago",,,
6865,687,"LYNNVILLE-SULLY","GI",1,"The Dream Coats",,,
6865,687,"LYNNVILLE-SULLY","GI",2,"The V Squad",,,
6865,687,"LYNNVILLE-SULLY","GI",3,"Fresh Fab",,,
6869,1030,"Baxter High School","TV",1,"FUNK",,,
6869,1030,"Baxter High School","EA",1,"To be determined",,,
6869,1030,"Baxter High School","SF",1,"To be determined",,,
6869,1030,"Baxter High School","SF",2,"To be determined",,,
6869,1030,"Baxter High School","GI",1,"To be determined",,,
6894,843,"SOUTH TAMA","SM",1,"Jekyll and Hyde",,,
6894,843,"SOUTH TAMA","SM",2,"How Girls Get Ready in the Morning",,,
6894,843,"SOUTH TAMA","RT",1,"Cut",,,
6894,843,"SOUTH TAMA","CR",1,"The Tell-Tale Heart",,,
6894,843,"SOUTH TAMA","EA",1,"Y'all",,,
6894,843,"SOUTH TAMA","EA",2,"Frosh in the Pit",,,
6894,843,"SOUTH TAMA","EA",3,"Grandma Remembers Something",,,
6894,843,"SOUTH TAMA","SF",1,"Untitled",,,
6894,843,"SOUTH TAMA","SF",2,"A Day in the Life",,,
6894,843,"SOUTH TAMA","MT",1,"Shrek the Musical",,,
6894,843,"SOUTH TAMA","MT",2,"Legally Blonde",,,
6894,843,"SOUTH TAMA","MT",3,"Guys and Dolls",,,
6894,843,"SOUTH TAMA","GI",1,"Nunez",,,
6894,843,"SOUTH TAMA","GI",2,"Van Dee",,,
6894,843,"SOUTH TAMA","GI",3,"White",,,
6894,843,"SOUTH TAMA","GM",1,"Untitled",,,
6915,927,"WEST MARSHALL","GI",1,"NA",,,
6915,927,"WEST MARSHALL","GI",2,"NA",,,
6924,619,"GRINNELL 9TH","RT",1,"Breaking Badly",,,
6924,619,"GRINNELL 9TH","SF",1,"Lamps",,,
6924,619,"GRINNELL 9TH","MT",1,"The Telephone Hour from Bye, Bye Birdie",,,
6924,619,"GRINNELL 9TH","MT",2,"25th Annual Putnam County Spelling Bee	",,,
6924,619,"GRINNELL 9TH","GI",1,"Nelson",,,
6924,619,"GRINNELL 9TH","GI",2,"Deitrich",,,
6924,619,"GRINNELL 9TH","GI",3,"Ferguson",,,
6925,618,"GRINNELL","TV",1,"insight.iowa",,,
6925,618,"GRINNELL","RT",1,"The Gratitude Project",,,
6925,618,"GRINNELL","CR",1,"Bessie Baxter Pine",,,
6925,618,"GRINNELL","EA",1,"Selfie",,,
6925,618,"GRINNELL","EA",2,"TBA",,,
6925,618,"GRINNELL","EA",3,"The Role of Della",,,
6925,618,"GRINNELL","OA",1,"Red",,,
6925,618,"GRINNELL","SF",1,"Don't Break a Leg",,,
6925,618,"GRINNELL","MT",1,"Shy & Song of Love from Once Upon a Mattress",,,
6925,618,"GRINNELL","MT",2,"The Minstrel, the Jester & I & Normandy from Once Upon a Mattress",,,
6925,618,"GRINNELL","MT",3,"In a Little While and Yesterday I Loved You from Once Upon a Mattress",,,
6925,618,"GRINNELL","GI",1,"Cha",,,
6925,618,"GRINNELL","GI",2,"Davis",,,
6954,570,"EAST MARSHALL","RT",1,"One-Eye!  Two-Eyes! Three-Eyes!",,,
6954,570,"EAST MARSHALL","EA",1,"Steel Magnolias",,,
6954,570,"EAST MARSHALL","EA",2,"Sure Thing",,,
6954,570,"EAST MARSHALL","OA",1,"Bang, Bang, You're Dead",,,
6954,570,"EAST MARSHALL","RB",1,"KTSP",,,
6954,570,"EAST MARSHALL","RB",2,"KMHA",,,
6954,570,"EAST MARSHALL","SF",1,"Never What You Think",,,
6954,570,"EAST MARSHALL","MT",1,"Hercules",,,
6954,570,"EAST MARSHALL","MT",2,"Wicked",,,
6954,570,"EAST MARSHALL","GI",1,"Miller, Stewart, Meling",,,
6954,570,"EAST MARSHALL","GI",2,"Twedt, Grego, McKee, Curphy",,,
6954,570,"EAST MARSHALL","GI",3,"Kilborn, Eddy, Gratopp",,,
6954,570,"EAST MARSHALL","GM",1,"Mom's / Dad's Night Out",,,
6957,512,"CLEAR CREEK AMANA","TV",1,"Unknown",,,
6957,512,"CLEAR CREEK AMANA","TV",2,"KTEN",,,
6957,512,"CLEAR CREEK AMANA","SM",1,"Refuge",,,
6957,512,"CLEAR CREEK AMANA","SM",2,"Pintrest Fail",,,
6957,512,"CLEAR CREEK AMANA","RT",1,"The Hysterical History of the Trojan War",,,
6957,512,"CLEAR CREEK AMANA","CR",1,"She Did What?",,,
6957,512,"CLEAR CREEK AMANA","EA",1,"AML",,,
6957,512,"CLEAR CREEK AMANA","EA",2,"Coaster of Doom",,,
6957,512,"CLEAR CREEK AMANA","EA",3,"Sunday Night Confessions",,,
6957,512,"CLEAR CREEK AMANA","RB",1,"CMAD",,,
6957,512,"CLEAR CREEK AMANA","SF",1,"The Day at the Wall",,,
6957,512,"CLEAR CREEK AMANA","SF",2,"Unknown",,,
6957,512,"CLEAR CREEK AMANA","MT",1,"Jekyll & Hyde",,,
6957,512,"CLEAR CREEK AMANA","MT",2,"Music Man",,,
6957,512,"CLEAR CREEK AMANA","GI",1,"Toy",,,
6957,512,"CLEAR CREEK AMANA","GI",2,"VanZante",,,
6957,512,"CLEAR CREEK AMANA","GI",3,"Johanson",,,
6957,512,"CLEAR CREEK AMANA","GM",1,"Fastforward",,,
6957,512,"CLEAR CREEK AMANA","GM",2,"Middle School Dance",,,
6957,512,"CLEAR CREEK AMANA","GM",3,"We all hurt",,,
6958,1039,"CLEAR CREEK-AMANA 9TH","RT",1,"Legend of Sleepy Hollow","x",,
6958,1039,"CLEAR CREEK-AMANA 9TH","EA",1,"Romeo & What's Her Name","x",,
6958,1039,"CLEAR CREEK-AMANA 9TH","GI",1,"Ritchie","x",,
6958,1039,"CLEAR CREEK-AMANA 9TH","GM",1,"Hallucination of Happiness","x",,
6962,613,"GMG 9TH","EA",1,"Missy and the Guardian Angel",,,
6962,613,"GMG 9TH","RB",1,"KBP 1147",,,
6962,613,"GMG 9TH","GI",1,"Casto/Krier",,,
6965,612,"GMG","EA",1,"Dinner Plans",,,
6965,612,"GMG","EA",2,"I'm Herbert",,,
6965,612,"GMG","EA",3,"Hippies, Housewives and Watering Holes",,,
6965,612,"GMG","RB",1,"WLS 105.5",,,
6965,612,"GMG","RB",2,"WMZR 108.2",,,
6965,612,"GMG","MT",1,"Mama Mia",,,
6965,612,"GMG","GI",1,"Sederburg",,,
6965,612,"GMG","GM",1,"Picnic with A Twist",,,
6968,722,"MONTEZUMA 9TH","RT",1,"10 Reasons You Should Have Stayed Home Sick Today",,,
6968,722,"MONTEZUMA 9TH","GI",1,"Shoemaker",,,
6979,757,"NORTH TAMA","GI",1,"Kopriva",,,
6998,721,"MONTEZUMA","CR",1,"Wait For Me",,,
6998,721,"MONTEZUMA","EA",1,"Status Update",,,
6998,721,"MONTEZUMA","EA",2,"Ticket Rippers",,,
6998,721,"MONTEZUMA","SF",1,"Stuck in a Romantic Comedy",,,
6998,721,"MONTEZUMA","SF",2,"Comic-Con Chronicles",,,
6998,721,"MONTEZUMA","MT",1,"Into the Woods:  Agony",,,
6998,721,"MONTEZUMA","MT",2,"Hairspray: Without Love/...Can't Stop Beat",,,
6998,721,"MONTEZUMA","MT",3,"Little Women",,,
6998,721,"MONTEZUMA","GI",1,"Shaver",,,
6998,721,"MONTEZUMA","GI",2,"Bushong",,,
6998,721,"MONTEZUMA","GI",3,"Crain",,,
7000,1023,"IOWA VALLEY 9TH","RB",1,"KMBN",,,
7011,580,"ENGLISH VALLEYS","TV",1,"A2Z",,,
7011,580,"ENGLISH VALLEYS","SF",1,"Familiar",,,
7011,580,"ENGLISH VALLEYS","SF",2,"Choices",,,
7011,580,"ENGLISH VALLEYS","GI",1,"Kinzler",,,
7011,580,"ENGLISH VALLEYS","GI",2,"Barney",,,
7011,580,"ENGLISH VALLEYS","GI",3,"Higdone",,,
7014,1044,"ENGLISH VALLEYS 9TH","SF",1,"The Sad Truth",,,
7017,652,"IOWA VALLEY","RT",1,"The Necklace",,,
7017,652,"IOWA VALLEY","CR",1,"Iowa",,,
7017,652,"IOWA VALLEY","EA",1,"Native Speaker",,,
7017,652,"IOWA VALLEY","SF",1,"Alone",,,
7017,652,"IOWA VALLEY","SF",2,"The Power of Choice",,,
7017,652,"IOWA VALLEY","GI",1,"Hall et al",,,
7017,652,"IOWA VALLEY","GM",1,"Jensen",,,
7018,937,"WILLIAMSBURG","SM",1,"Journey to the Unknown...EARTH","x",,
7018,937,"WILLIAMSBURG","OA",1,"Baby","x",,
7018,937,"WILLIAMSBURG","SF",1,"Rules","x",,
7018,937,"WILLIAMSBURG","MT",1,"Mamma Mia","x",,
7018,937,"WILLIAMSBURG","GI",1,"Emmert","x",,
7018,937,"WILLIAMSBURG","GI",2,"Lindhart","x",,
7018,937,"WILLIAMSBURG","GI",3,"Dovre","x",,
7043,950,"WILLIAMSBURG 9TH","TV",1,"WOW","x",,
7043,950,"WILLIAMSBURG 9TH","EA",1,"Not So Grimm Tales:  Little Red Riding Hood",,,
7043,950,"WILLIAMSBURG 9TH","EA",2,"Not So Grimm Tales:  Cinderella",,,
7043,950,"WILLIAMSBURG 9TH","RB",1,"Unknown","x",,
7046,449,"BENTON COMMUNITY","RT",1,"Crushed","x",,
7046,449,"BENTON COMMUNITY","EA",1,"Waiting For Godot","x",,
7046,449,"BENTON COMMUNITY","EA",2,"The Effect of Gamma Rays on Man-in-the-Moon Marigolds","x",,
7046,449,"BENTON COMMUNITY","EA",3,"Brights","x",,
7046,449,"BENTON COMMUNITY","RB",1,"RANT","x",,
7046,449,"BENTON COMMUNITY","RB",2,"KNET","x",,
7046,449,"BENTON COMMUNITY","SF",1,"Equos Noctis","x",,
7046,449,"BENTON COMMUNITY","SF",2,"In Dreams","x",,
7046,449,"BENTON COMMUNITY","GM",1,"Into the Woods","x",,
7066,741,"NEWTON","TV",1,"EBN",,,
7066,741,"NEWTON","TV",2,"T3",,,
7066,741,"NEWTON","RT",1,"Fairytale Mystery Theater",,,
7066,741,"NEWTON","EA",1,"Hippies, Housewives and Watering Holes",,,
7066,741,"NEWTON","RB",1,"CRZY",,,
7066,741,"NEWTON","SF",1,"Superhero Gone Bad",,,
7066,741,"NEWTON","MT",1,"Band Geeks",,,
7066,741,"NEWTON","MT",2,"Guys and Dolls",,,
7066,741,"NEWTON","GI",1,"Eadens",,,
7066,741,"NEWTON","GI",2,"Fuller",,,
7066,741,"NEWTON","GI",3,"Urbanowicz",,,
7066,741,"NEWTON","GM",1,"TBA",,,
7145,633,"HLV","GI",1,"Dentel",,,
7145,633,"HLV","GI",2,"Andrews",,,
7145,633,"HLV","GI",3,"Jones",,,
7164,891,"VINTON-SHELLSBURG","RT",1,"Beyond the Fairy Tale","x",,
7164,891,"VINTON-SHELLSBURG","CR",1,"Will Power","x",,
7164,891,"VINTON-SHELLSBURG","EA",1,"Sorry","x",,
7164,891,"VINTON-SHELLSBURG","OA",1,"The Smell of the Kill","x",,
7164,891,"VINTON-SHELLSBURG","RB",1,"Unknown",,,
7164,891,"VINTON-SHELLSBURG","SF",1,"TBA","x",,
7164,891,"VINTON-SHELLSBURG","SF",2,"TBA",,,
7164,891,"VINTON-SHELLSBURG","MT",1,"80's Chill","x",,
7164,891,"VINTON-SHELLSBURG","GI",1,"Noren","x",,
7164,891,"VINTON-SHELLSBURG","GI",2,"Reisch","x",,
7164,891,"VINTON-SHELLSBURG","GI",3,"Blix","x",,
7164,891,"VINTON-SHELLSBURG","GM",1,"TBA",,,
7171,892,"VINTON-SHELLSBURG 9TH","CR",1,"Ode to Cats",,,
7171,892,"VINTON-SHELLSBURG 9TH","MT",1,"Chitty Chitty Bang Bang",,,
7171,892,"VINTON-SHELLSBURG 9TH","GI",1,"Gordon",,,
7178,705,"MARSHALLTOWN 9TH","TV",1,"VN09",,,
7178,705,"MARSHALLTOWN 9TH","RB",1,"VN092",,,
7178,705,"MARSHALLTOWN 9TH","SF",1,"Love you?",,,
7178,705,"MARSHALLTOWN 9TH","GI",1,"FF09",,,
7184,704,"MARSHALLTOWN","TV",1,"LEMU",,,
7184,704,"MARSHALLTOWN","TV",2,"KHRN",,,
7184,704,"MARSHALLTOWN","SF",1,"Story of a Lifetime",,,
7184,704,"MARSHALLTOWN","SF",2,"Feather",,,
7184,704,"MARSHALLTOWN","GI",1,"Nunez Varsity",,,
7184,704,"MARSHALLTOWN","GI",2,"Levis Varsity",,,
7184,704,"MARSHALLTOWN","GI",3,"Emerson Varsity",,,
7229,959,"MESKWAKI SETTLEMENT","TV",1,"KSEM",,,
7229,959,"MESKWAKI SETTLEMENT","RT",1,"The Stinky Cheese Man",,,
7229,959,"MESKWAKI SETTLEMENT","EA",1,"These Things Hidden",,,
7229,959,"MESKWAKI SETTLEMENT","EA",2,"Orange is the New Black",,,
7229,959,"MESKWAKI SETTLEMENT","RB",1,"KSEM",,,
7229,959,"MESKWAKI SETTLEMENT","SF",1,"Every Day",,,
7229,959,"MESKWAKI SETTLEMENT","GI",1,"TKO",,,
7229,959,"MESKWAKI SETTLEMENT","GI",2,"MADTT",,,
6828,469,"CAMANCHE","RT",1,"Including Shooter",,,
6828,469,"CAMANCHE","CR",1,"The Little Things That Tick Me Off",,,
6828,469,"CAMANCHE","EA",1,"How to Kiss a Girl",,,
6828,469,"CAMANCHE","EA",2,"Agnes of God",,,
6828,469,"CAMANCHE","EA",3,"The Iris of a Sparrow",,,
6828,469,"CAMANCHE","OA",1,"10 Ways to Survive the Zombie Apocalypse",,,
6828,469,"CAMANCHE","MT",1,"Into the Woods",,,
6828,469,"CAMANCHE","MT",2,"Shrek: The Musical",,,
6828,469,"CAMANCHE","MT",3,"Hairspray",,,
6828,469,"CAMANCHE","GI",1,"Team 1",,,
6828,469,"CAMANCHE","GI",2,"Team 2",,,
6828,469,"CAMANCHE","GI",3,"Team 3",,,
6831,746,"NORTH CEDAR","RT",1,"Slappy Hooper",,,
6831,746,"NORTH CEDAR","CR",1,"Social Media",,,
6831,746,"NORTH CEDAR","GI",1,"Knight Class",,,
6831,746,"NORTH CEDAR","GM",1,"Astronaut School",,,
6832,761,"NORTHEAST COMMUNITY","TV",1,"KANE",,,
6832,761,"NORTHEAST COMMUNITY","RT",1,"The Impossible Knife of Memory",,,
6832,761,"NORTHEAST COMMUNITY","CR",1,"The Scream",,,
6832,761,"NORTHEAST COMMUNITY","EA",1,"The Break Up",,,
6832,761,"NORTHEAST COMMUNITY","EA",2,"The Crucible",,,
6832,761,"NORTHEAST COMMUNITY","OA",1,"All I Really Need to Know I Learned from Being a Zombie",,,
6832,761,"NORTHEAST COMMUNITY","RB",1,"KEEP",,,
6832,761,"NORTHEAST COMMUNITY","SF",1,"Anyone Lived in a Pretty How Town",,,
6832,761,"NORTHEAST COMMUNITY","MT",1,"Annie",,,
6832,761,"NORTHEAST COMMUNITY","MT",2,"Addams Family Musical",,,
6832,761,"NORTHEAST COMMUNITY","GI",1,"TC, MK, McS",,,
6832,761,"NORTHEAST COMMUNITY","GI",2,"TG, JF, CK, AM",,,
6832,761,"NORTHEAST COMMUNITY","GI",3,"MH, MK, HS",,,
6832,761,"NORTHEAST COMMUNITY","GM",1,"The Kissing Hand",,,
6832,761,"NORTHEAST COMMUNITY","GM",2,"Amber Alert",,,
6837,483,"CEDAR RAPIDS WASHINGTON","TV",1,"YYWZ",,,
6837,483,"CEDAR RAPIDS WASHINGTON","SM",1,"Miguel Davidson",,,
6837,483,"CEDAR RAPIDS WASHINGTON","SM",2,"Tristan Maynard",,,
6837,483,"CEDAR RAPIDS WASHINGTON","SM",3,"Rahel Nshimirimana",,,
6837,483,"CEDAR RAPIDS WASHINGTON","RT",1,"Coppelia: The Girl with Enamel Eyes",,,
6837,483,"CEDAR RAPIDS WASHINGTON","CR",1,"One Year and Counting",,,
6837,483,"CEDAR RAPIDS WASHINGTON","EA",1,"Kissing Scene",,,
6837,483,"CEDAR RAPIDS WASHINGTON","EA",2,"Small World",,,
6837,483,"CEDAR RAPIDS WASHINGTON","EA",3,"Slightly Left of Paradise",,,
6837,483,"CEDAR RAPIDS WASHINGTON","OA",1,"Voices From the Prairie",,,
6837,483,"CEDAR RAPIDS WASHINGTON","RB",1,"K456",,,
6837,483,"CEDAR RAPIDS WASHINGTON","SF",1,"Film #984",,,
6837,483,"CEDAR RAPIDS WASHINGTON","SF",2,"Nomad",,,
6837,483,"CEDAR RAPIDS WASHINGTON","MT",1,"Shrek the Musical",,,
6837,483,"CEDAR RAPIDS WASHINGTON","MT",2,"Disenchanted",,,
6837,483,"CEDAR RAPIDS WASHINGTON","MT",3,"The Book of Mormon",,,
6837,483,"CEDAR RAPIDS WASHINGTON","GI",1,"Shaffer",,,
6837,483,"CEDAR RAPIDS WASHINGTON","GI",2,"Ochs",,,
6837,483,"CEDAR RAPIDS WASHINGTON","GI",3,"Engen",,,
6837,483,"CEDAR RAPIDS WASHINGTON","GM",1,"Searching",,,
6837,483,"CEDAR RAPIDS WASHINGTON","GM",2,"Truly Living",,,
6837,483,"CEDAR RAPIDS WASHINGTON","GM",3,"Hickok",,,
6844,717,"MIDLAND","RT",1,"Brothers Grimm Spectaculathon",,,
6852,759,"NORTH-LINN","SM",1,"Girl Scout Cookies",,,
6852,759,"NORTH-LINN","SM",2,"Unknown",,,
6852,759,"NORTH-LINN","CR",1,"The Congo",,,
6852,759,"NORTH-LINN","EA",1,"Cindy and Julie",,,
6852,759,"NORTH-LINN","EA",2,"Beige Tea",,,
6852,759,"NORTH-LINN","EA",3,"A Lesson in Revenge",,,
6852,759,"NORTH-LINN","OA",1,"Sleepover Secrets",,,
6852,759,"NORTH-LINN","SF",1,"Unknown",,,
6852,759,"NORTH-LINN","MT",1,"Shrek",,,
6852,759,"NORTH-LINN","MT",2,"Bring It On",,,
6852,759,"NORTH-LINN","MT",3,"The Music Man",,,
6852,759,"NORTH-LINN","GI",1,"Garman",,,
6852,759,"NORTH-LINN","GI",2,"Anderson",,,
6852,759,"NORTH-LINN","GI",3,"Jons",,,
6852,759,"NORTH-LINN","GM",1,"The Bad Burglary",,,
6852,759,"NORTH-LINN","GM",2,"Karate Class?",,,
6859,1017,"Cedar Valley Christian High School","RT",1,"Listen to the People",,,
6859,1017,"Cedar Valley Christian High School","SF",1,"Detained",,,
6859,1017,"Cedar Valley Christian High School","GI",1,"Taylor",,,
6859,1017,"Cedar Valley Christian High School","GI",2,"Roling",,,
6859,1017,"Cedar Valley Christian High School","GI",3,"Boelter",,,
6870,1018,"CEDAR RAPIDS METRO","RT",1,"Bang Bang You're Dead",,,
6870,1018,"CEDAR RAPIDS METRO","GI",1,"On Your Feet",,,
6872,978,"CAMANCHE 9TH","CR",1,"Behold, the Power of Cheese!",,,
6879,1038,"NORTHEAST COMMUNTY 9TH","TV",1,"STAR",,,
6879,1038,"NORTHEAST COMMUNTY 9TH","RT",1,"A Tiny Feast",,,
6879,1038,"NORTHEAST COMMUNTY 9TH","EA",1,"Last Minute Adjustments",,,
6879,1038,"NORTHEAST COMMUNTY 9TH","EA",2,"Litmus Test",,,
6879,1038,"NORTHEAST COMMUNTY 9TH","GI",1,"CD, MH, QS",,,
6886,466,"CALAMUS-WHEATLAND","TV",1,"TV News",,,
6886,466,"CALAMUS-WHEATLAND","RT",1,"One Eye,Two Eyes, Three Eyes",,,
6886,466,"CALAMUS-WHEATLAND","EA",1,"Add Nauseam",,,
6886,466,"CALAMUS-WHEATLAND","RB",1,"Radio Broadcast 1(Schmieder)",,,
6886,466,"CALAMUS-WHEATLAND","RB",2,"Radio Broadcast 2 (Tulley)",,,
6886,466,"CALAMUS-WHEATLAND","SF",1,"It Can Wait",,,
6886,466,"CALAMUS-WHEATLAND","SF",2,"Short Film 2",,,
6886,466,"CALAMUS-WHEATLAND","MT",1,"Hairspray",,,
6886,466,"CALAMUS-WHEATLAND","MT",2,"Annie Get Your Gun",,,
6886,466,"CALAMUS-WHEATLAND","GI",1,"Group Improv Schmieder",,,
6886,466,"CALAMUS-WHEATLAND","GI",2,"Group Improv Luepker",,,
6886,466,"CALAMUS-WHEATLAND","GI",3,"Group Improv Williams",,,
6887,447,"BELLEVUE MARQUETTE","EA",1,"The Empty Chair",,,
6887,447,"BELLEVUE MARQUETTE","EA",2,"If Women Worked As Men Do",,,
6887,447,"BELLEVUE MARQUETTE","EA",3,"The 4th Digit",,,
6887,447,"BELLEVUE MARQUETTE","MT",1,"Wicked",,,
6887,447,"BELLEVUE MARQUETTE","MT",2,"Legally Blonde",,,
6887,447,"BELLEVUE MARQUETTE","GI",1,"HKMK",,,
6887,447,"BELLEVUE MARQUETTE","GI",2,"KKKS",,,
6897,969,"LINN-MAR 9th","SM",1,"Morrey",,,
6897,969,"LINN-MAR 9th","RT",1,"End of School Year  The End",,,
6897,969,"LINN-MAR 9th","OA",1,"Bad Auditions by Bad Actors",,,
6897,969,"LINN-MAR 9th","RB",1,"KMOM",,,
6897,969,"LINN-MAR 9th","MT",1,"Mama I'm a Big Girl Now-Hairspray",,,
6897,969,"LINN-MAR 9th","GI",1,"Kopesky",,,
6903,680,"LINN-MAR","RT",1,"Would I lie to You",,,
6903,680,"LINN-MAR","OA",1,"The Other Room",,,
6903,680,"LINN-MAR","RB",1,"WDNR",,,
6903,680,"LINN-MAR","RB",2,"K-ROSE",,,
6903,680,"LINN-MAR","SF",1,"Ghost Girl",,,
6903,680,"LINN-MAR","MT",1,"Take Me or Leave Me ",,,
6903,680,"LINN-MAR","MT",2,"TBA",,,
6903,680,"LINN-MAR","GI",1,"Sheetz, Ironside, Melvin",,,
6903,680,"LINN-MAR","GM",1,"A Flight to be Rmembered...Or Forgotten",,,
6930,478,"CEDAR RAPIDS JEFFERSON","RT",1,"Brown Girls Lament",,,
6930,478,"CEDAR RAPIDS JEFFERSON","EA",1,"Traces of Memory",,,
6930,478,"CEDAR RAPIDS JEFFERSON","EA",2,"After The End",,,
6930,478,"CEDAR RAPIDS JEFFERSON","MT",1,"I Know It's Today",,,
6930,478,"CEDAR RAPIDS JEFFERSON","MT",2,"Legally Blonde",,,
6930,478,"CEDAR RAPIDS JEFFERSON","MT",3,"When You're Home",,,
6948,484,"CEDAR RAPIDS XAVIER","TV",1,"Fuhgettaboutit",,,
6948,484,"CEDAR RAPIDS XAVIER","TV",2,"TBA",,,
6948,484,"CEDAR RAPIDS XAVIER","RT",1,"Dear Bully",,,
6948,484,"CEDAR RAPIDS XAVIER","CR",1,"Once",,,
6948,484,"CEDAR RAPIDS XAVIER","EA",1,"St. Stanislaus Outside the House",,,
6948,484,"CEDAR RAPIDS XAVIER","EA",2,"The Boys Next Door",,,
6948,484,"CEDAR RAPIDS XAVIER","EA",3,"In A Forest Dark and Deep",,,
6948,484,"CEDAR RAPIDS XAVIER","OA",1,"The Foreigner",,,
6948,484,"CEDAR RAPIDS XAVIER","RB",1,"KAGE",,,
6948,484,"CEDAR RAPIDS XAVIER","SF",1,"TBA",,,
6948,484,"CEDAR RAPIDS XAVIER","MT",1,"The Lion King",,,
6948,484,"CEDAR RAPIDS XAVIER","MT",2,"Urinetown",,,
6948,484,"CEDAR RAPIDS XAVIER","MT",3,"25th Annual Putnam County Spelling Bee",,,
6948,484,"CEDAR RAPIDS XAVIER","GI",1,"D2T",,,
6948,484,"CEDAR RAPIDS XAVIER","GI",2,"BBS",,,
6948,484,"CEDAR RAPIDS XAVIER","GI",3,"JED",,,
6948,484,"CEDAR RAPIDS XAVIER","GM",1,"The Heist",,,
6948,484,"CEDAR RAPIDS XAVIER","GM",2,"The Substitute",,,
6961,490,"CENTRAL DEWITT","TV",1,"Nebula News",,,
6961,490,"CENTRAL DEWITT","TV",2,"R.E.L. News",,,
6961,490,"CENTRAL DEWITT","RT",1,"38 Minutes",,,
6961,490,"CENTRAL DEWITT","EA",1,"First Impressions",,,
6961,490,"CENTRAL DEWITT","EA",2,"Freshmen Orientation",,,
6961,490,"CENTRAL DEWITT","EA",3,"I Want to Make a Bundt Cake",,,
6961,490,"CENTRAL DEWITT","OA",1,"Gone Tomorrow",,,
6961,490,"CENTRAL DEWITT","RB",1,"Pope News",,,
6961,490,"CENTRAL DEWITT","MT",1,"At the Ballet",,,
6961,490,"CENTRAL DEWITT","MT",2,"Phantom of the Opera",,,
6961,490,"CENTRAL DEWITT","MT",3,"A Little Priest",,,
6961,490,"CENTRAL DEWITT","GI",1,"Townsley",,,
6961,490,"CENTRAL DEWITT","GI",2,"O'Connor",,,
6961,490,"CENTRAL DEWITT","GI",3,"Conard",,,
6961,490,"CENTRAL DEWITT","GM",1,"Ice Cream for Murder",,,
6961,490,"CENTRAL DEWITT","GM",2,"In My Shoes",,,
6963,491,"CENTRAL DEWITTE 9TH","TV",1,"Elderly News",,,
6963,491,"CENTRAL DEWITTE 9TH","EA",1,"The Great Pet Revolt of 2042",,,
6963,491,"CENTRAL DEWITTE 9TH","EA",2,"Cellmates",,,
6963,491,"CENTRAL DEWITTE 9TH","GI",1,"Manatt",,,
6963,491,"CENTRAL DEWITTE 9TH","GM",1,"Ganzer-Lang",,,
6975,793,"PRINCE OF PEACE PREP","RT",1,"Accused of Comedy",,,
6975,793,"PRINCE OF PEACE PREP","EA",1,"Demon Child",,,
6975,793,"PRINCE OF PEACE PREP","SF",1,"The Alienist",,,
6975,793,"PRINCE OF PEACE PREP","MT",1,"Sixteen Going on Seventeen",,,
6975,793,"PRINCE OF PEACE PREP","MT",2,"Stepsister's Lament",,,
6975,793,"PRINCE OF PEACE PREP","GI",1,"Foster Group",,,
6975,793,"PRINCE OF PEACE PREP","GM",1,"Robot Rampage",,,
6976,1021,"EASTON VALLEY","RT",1,"Celebrity",,,
6976,1021,"EASTON VALLEY","EA",1,"Playscripts: Double Date",,,
6976,1021,"EASTON VALLEY","GI",1,"Lane",,,
6990,1014,"CEDAR RAPIDS KENNEDY 9TH","CR",1,"Can you tell me how to get to....",,,
6990,1014,"CEDAR RAPIDS KENNEDY 9TH","RB",1,"COCOA",,,
6990,1014,"CEDAR RAPIDS KENNEDY 9TH","GI",1,"Joens",,,
6990,1014,"CEDAR RAPIDS KENNEDY 9TH","GI",2,"Pratt",,,
6990,1014,"CEDAR RAPIDS KENNEDY 9TH","GI",3,"Rader",,,
6993,703,"MARION","SM",1,"Corona","x",,
6993,703,"MARION","RT",1,"Harry Potter and the Mysterious Changes, The Spoof","x",,
6993,703,"MARION","EA",1,"Real Housewives of Gotham","x",,
6993,703,"MARION","EA",2,"Lucy in the Sky","x",,
6993,703,"MARION","EA",3,"Brewer","x",,
6993,703,"MARION","OA",1,"Just Another High School Play - Abridged","x",,
6993,703,"MARION","RB",1,"BLZR","x",,
6993,703,"MARION","SF",1,"Music ","x",,
6993,703,"MARION","SF",2,"Paper Trail","x",,
6993,703,"MARION","MT",1,"[title of show]","x",,
6993,703,"MARION","MT",2,"Jekyll & Hyde","x",,
6993,703,"MARION","MT",3,"Duetto Buffo di Due Gatti (Humorous Duet for Two Cats)","x",,
6993,703,"MARION","GI",1,"Kriz","x",,
6993,703,"MARION","GI",2,"Hugh","x",,
6993,703,"MARION","GI",3,"Groothuis","x",,
6993,703,"MARION","GM",1,"Overdressed in Distress","x",,
6993,703,"MARION","GM",2,"Cityscapes","x",,
6993,703,"MARION","GM",3,"Corners","x",,
7007,697,"MAQUOKETA","SM",1,"The Wallflower",,,
7007,697,"MAQUOKETA","SM",2,"Unsure",,,
7007,697,"MAQUOKETA","RT",1,"Candid Shots",,,
7007,697,"MAQUOKETA","EA",1,"The Bad Seed",,,
7007,697,"MAQUOKETA","EA",2,"Unsure",,,
7007,697,"MAQUOKETA","EA",3,"The Days and Nights of BeeBee Fenstermaker",,,
7007,697,"MAQUOKETA","RB",1,"Unsure",,,
7007,697,"MAQUOKETA","RB",2,"Unsure",,,
7007,697,"MAQUOKETA","SF",1,"The Firehouse: Lights Go out",,,
7007,697,"MAQUOKETA","GI",1,"Richards, Lyon, Walsh",,,
7007,697,"MAQUOKETA","GI",2,"Clark, Pawlowski",,,
7022,482,"CEDAR RAPIDS PRAIRIE 9TH","TV",1,"KTMZ",,,
7022,482,"CEDAR RAPIDS PRAIRIE 9TH","RT",1,"TBD",,,
7022,482,"CEDAR RAPIDS PRAIRIE 9TH","RB",1,"TBD",,,
7022,482,"CEDAR RAPIDS PRAIRIE 9TH","SF",1,"TBD",,,
7022,482,"CEDAR RAPIDS PRAIRIE 9TH","MT",1,"Big River",,,
7022,482,"CEDAR RAPIDS PRAIRIE 9TH","MT",2,"Annie",,,
7022,482,"CEDAR RAPIDS PRAIRIE 9TH","GI",1,"Kloubec",,,
7022,482,"CEDAR RAPIDS PRAIRIE 9TH","GI",2,"Neumann",,,
7034,732,"MOUNT VERNON","RT",1,"In Search of Edward Bear",,,
7034,732,"MOUNT VERNON","CR",1,"So, You Want to Run for President",,,
7034,732,"MOUNT VERNON","EA",1,"[In]Complete Works of Shakespeare, Abridged",,,
7034,732,"MOUNT VERNON","EA",2,"Time Flies ",,,
7034,732,"MOUNT VERNON","EA",3,"Lunch Girls ",,,
7034,732,"MOUNT VERNON","OA",1,"Picasso at the Lapin Agile",,,
7034,732,"MOUNT VERNON","SF",1,"Belding--temp",,,
7034,732,"MOUNT VERNON","SF",2,"Deininger--temp",,,
7034,732,"MOUNT VERNON","MT",1,"Urinetown",,,
7034,732,"MOUNT VERNON","MT",2,"You're a Good Man Charlie Brown",,,
7034,732,"MOUNT VERNON","GI",1,"The Adventures of Taco Pizza",,,
7034,732,"MOUNT VERNON","GI",2,"Team Tall",,,
7034,732,"MOUNT VERNON","GI",3,"Fresh Force",,,
7034,732,"MOUNT VERNON","GM",1,"A Wii Bit of Fun",,,
7042,485,"CENTER POINT-URBANA","RT",1,"Double Trouble in Walla Walla","x",,
7042,485,"CENTER POINT-URBANA","CR",1,"Good House Wife","x",,
7042,485,"CENTER POINT-URBANA","EA",1,"Forever and Always","x",,
7042,485,"CENTER POINT-URBANA","EA",2,"The Pact","x",,
7042,485,"CENTER POINT-URBANA","EA",3,"Graduation Address","x",,
7042,485,"CENTER POINT-URBANA","OA",1,"Super Heros","x",,
7042,485,"CENTER POINT-URBANA","RB",1,"CPUNEWs","x",,
7042,485,"CENTER POINT-URBANA","SF",1,"Lizard","x",,
7042,485,"CENTER POINT-URBANA","SF",2,"Bad Day","x",,
7042,485,"CENTER POINT-URBANA","MT",1,"Cinderella","x",,
7042,485,"CENTER POINT-URBANA","GI",1,"Improve 1","x",,
7042,485,"CENTER POINT-URBANA","GI",2,"Improve 2","x",,
7042,485,"CENTER POINT-URBANA","GM",1,"Breaking Heart","x",,
7044,486,"CENTER POINT-URBANA 9TH","RT",1,"NA",,,
7044,486,"CENTER POINT-URBANA 9TH","EA",1,"NA",,,
7044,486,"CENTER POINT-URBANA 9TH","MT",1,"NA",,,
7044,486,"CENTER POINT-URBANA 9TH","GI",1,"Freshman 1",,,
7044,486,"CENTER POINT-URBANA 9TH","GI",2,"Freshman 2",,,
7044,486,"CENTER POINT-URBANA 9TH","GI",3,"Freshman 3",,,
7060,723,"MONTICELLO","TV",1,"SPEECH TV",,,
7060,723,"MONTICELLO","SM",1,"Late",,,
7060,723,"MONTICELLO","RT",1,"Questionable",,,
7060,723,"MONTICELLO","CR",1,"School Daze",,,
7060,723,"MONTICELLO","EA",1,"Up, Up and Gone",,,
7060,723,"MONTICELLO","EA",2,"Realer than Real",,,
7060,723,"MONTICELLO","EA",3,"Labor Pains",,,
7060,723,"MONTICELLO","SF",1,"Play Date",,,
7060,723,"MONTICELLO","MT",1,"Little Shop of Horrors",,,
7060,723,"MONTICELLO","MT",2,"Veggie Tales",,,
7060,723,"MONTICELLO","GI",1,"Yousse, Tjaden, Hospodarsky",,,
7060,723,"MONTICELLO","GI",2,"Braford, Campbell, Gillmore, Jenkins",,,
7060,723,"MONTICELLO","GM",1,"1, 2, .... I'm Done",,,
7085,724,"MONTICELLO 9TH","RT",1,"15 Reasons not to be in a play",,,
7085,724,"MONTICELLO 9TH","CR",1,"Coyote and the Lizard People",,,
7085,724,"MONTICELLO 9TH","GI",1,"Fokken, Hampson",,,
7095,426,"ANAMOSA","RT",1,"Peddler Polly and the Story Stealer",,,
7095,426,"ANAMOSA","EA",1,"Be Right Back",,,
7095,426,"ANAMOSA","OA",1,"The Intervention",,,
7095,426,"ANAMOSA","GI",1,"Ward",,,
7103,514,"CLINTON","RT",1,"Taken",,,
7103,514,"CLINTON","EA",1,"The First Fireworks",,,
7103,514,"CLINTON","EA",2,"TBA",,,
7103,514,"CLINTON","OA",1,"I never saw another butterfly",,,
7103,514,"CLINTON","MT",1,"American Idiot",,,
7103,514,"CLINTON","GI",1,"Medley",,,
7103,514,"CLINTON","GI",2,"Bradour",,,
7103,514,"CLINTON","GI",3,"Cooper",,,
7106,681,"LISBON","SM",1,"Time Out Trouble Maker",,,
7106,681,"LISBON","SM",2,"TBA",,,
7106,681,"LISBON","RT",1,"The Wreck of Edmund Fitzgerald",,,
7106,681,"LISBON","EA",1,"Bus People",,,
7106,681,"LISBON","EA",2,"Failing the Improv",,,
7106,681,"LISBON","SF",1,"Entries",,,
7106,681,"LISBON","MT",1,"Little Shop of Horrors",,,
7106,681,"LISBON","GI",1,"Juett",,,
7106,681,"LISBON","GM",1,"The Unannounced Visitor",,,
7106,681,"LISBON","GM",2,"Chef-tastrophe",,,
7106,681,"LISBON","GM",3,"Workout Wonders",,,
7140,839,"SOLON","GI",1,"Main St Live",,,
7143,489,"CENTRAL CITY","SM",1,"Martyr Joan",,,
7143,489,"CENTRAL CITY","SM",2,"CJ",,,
7143,489,"CENTRAL CITY","SM",3,"Ross",,,
7143,489,"CENTRAL CITY","RT",1,"This is a Test?",,,
7143,489,"CENTRAL CITY","CR",1,"Some Where in AMerica",,,
7143,489,"CENTRAL CITY","EA",1,"I would die for you",,,
7143,489,"CENTRAL CITY","EA",2,"Modern Day Romeo & Juliet",,,
7143,489,"CENTRAL CITY","MT",1,"Agony",,,
7143,489,"CENTRAL CITY","GM",1,"Peer Stings",,,
7143,489,"CENTRAL CITY","GM",2,"Text  in Time",,,
7151,480,"CEDAR RAPIDS KENNEDY","TV",1,"The Real First Ladies of DC",,,
7151,480,"CEDAR RAPIDS KENNEDY","RT",1,"The Alzheimer's Project",,,
7151,480,"CEDAR RAPIDS KENNEDY","CR",1,"Invisible ",,,
7151,480,"CEDAR RAPIDS KENNEDY","EA",1,"Lupe",,,
7151,480,"CEDAR RAPIDS KENNEDY","EA",2,"The Christmas Machine",,,
7151,480,"CEDAR RAPIDS KENNEDY","EA",3,"Pigs in Space",,,
7151,480,"CEDAR RAPIDS KENNEDY","OA",1,"Of Mice and Men",,,
7151,480,"CEDAR RAPIDS KENNEDY","RB",1,"The Buzz",,,
7151,480,"CEDAR RAPIDS KENNEDY","RB",2,"FUTR",,,
7151,480,"CEDAR RAPIDS KENNEDY","SF",1,"Nose Bleed",,,
7151,480,"CEDAR RAPIDS KENNEDY","SF",2,"Untitled",,,
7151,480,"CEDAR RAPIDS KENNEDY","MT",1,"In the Heights",,,
7151,480,"CEDAR RAPIDS KENNEDY","MT",2,"Matilda",,,
7151,480,"CEDAR RAPIDS KENNEDY","MT",3,"Newsies",,,
7151,480,"CEDAR RAPIDS KENNEDY","GI",1,"Urbi",,,
7151,480,"CEDAR RAPIDS KENNEDY","GI",2,"Sidhu",,,
7151,480,"CEDAR RAPIDS KENNEDY","GI",3,"Lovell",,,
7151,480,"CEDAR RAPIDS KENNEDY","GM",1,"Cafe Thief",,,
7214,446,"BELLEVUE COMMUNITY","SF",1,"Life in the Wind",,,
7214,446,"BELLEVUE COMMUNITY","MT",1,"Shrek",,,
7214,446,"BELLEVUE COMMUNITY","MT",2,"Beauty and the Beast",,,
7253,859,"SPRINGVILLE","EA",1,"Bad Auditions for Bad Actors",,,
7253,859,"SPRINGVILLE","RB",1,"KSAD",,,
7253,859,"SPRINGVILLE","SF",1,"This Is Scrappy Don't",,,
7253,859,"SPRINGVILLE","MT",1,"Rent",,,
7253,859,"SPRINGVILLE","GI",1,"Improv Yourself",,,
